[{"model": "auth.permission", "pk": 1, "fields": {"name": "Can add log entry", "content_type": 1, "codename": "add_logentry"}}, {"model": "auth.permission", "pk": 2, "fields": {"name": "Can change log entry", "content_type": 1, "codename": "change_logentry"}}, {"model": "auth.permission", "pk": 3, "fields": {"name": "Can delete log entry", "content_type": 1, "codename": "delete_logentry"}}, {"model": "auth.permission", "pk": 4, "fields": {"name": "Can view log entry", "content_type": 1, "codename": "view_logentry"}}, {"model": "auth.permission", "pk": 5, "fields": {"name": "Can add permission", "content_type": 2, "codename": "add_permission"}}, {"model": "auth.permission", "pk": 6, "fields": {"name": "Can change permission", "content_type": 2, "codename": "change_permission"}}, {"model": "auth.permission", "pk": 7, "fields": {"name": "Can delete permission", "content_type": 2, "codename": "delete_permission"}}, {"model": "auth.permission", "pk": 8, "fields": {"name": "Can view permission", "content_type": 2, "codename": "view_permission"}}, {"model": "auth.permission", "pk": 9, "fields": {"name": "Can add group", "content_type": 3, "codename": "add_group"}}, {"model": "auth.permission", "pk": 10, "fields": {"name": "Can change group", "content_type": 3, "codename": "change_group"}}, {"model": "auth.permission", "pk": 11, "fields": {"name": "Can delete group", "content_type": 3, "codename": "delete_group"}}, {"model": "auth.permission", "pk": 12, "fields": {"name": "Can view group", "content_type": 3, "codename": "view_group"}}, {"model": "auth.permission", "pk": 13, "fields": {"name": "Can add user", "content_type": 4, "codename": "add_user"}}, {"model": "auth.permission", "pk": 14, "fields": {"name": "Can change user", "content_type": 4, "codename": "change_user"}}, {"model": "auth.permission", "pk": 15, "fields": {"name": "Can delete user", "content_type": 4, "codename": "delete_user"}}, {"model": "auth.permission", "pk": 16, "fields": {"name": "Can view user", "content_type": 4, "codename": "view_user"}}, {"model": "auth.permission", "pk": 17, "fields": {"name": "Can add content type", "content_type": 5, "codename": "add_contenttype"}}, {"model": "auth.permission", "pk": 18, "fields": {"name": "Can change content type", "content_type": 5, "codename": "change_contenttype"}}, {"model": "auth.permission", "pk": 19, "fields": {"name": "Can delete content type", "content_type": 5, "codename": "delete_contenttype"}}, {"model": "auth.permission", "pk": 20, "fields": {"name": "Can view content type", "content_type": 5, "codename": "view_contenttype"}}, {"model": "auth.permission", "pk": 21, "fields": {"name": "Can add session", "content_type": 6, "codename": "add_session"}}, {"model": "auth.permission", "pk": 22, "fields": {"name": "Can change session", "content_type": 6, "codename": "change_session"}}, {"model": "auth.permission", "pk": 23, "fields": {"name": "Can delete session", "content_type": 6, "codename": "delete_session"}}, {"model": "auth.permission", "pk": 24, "fields": {"name": "Can view session", "content_type": 6, "codename": "view_session"}}, {"model": "auth.permission", "pk": 25, "fields": {"name": "Can add category", "content_type": 7, "codename": "add_category"}}, {"model": "auth.permission", "pk": 26, "fields": {"name": "Can change category", "content_type": 7, "codename": "change_category"}}, {"model": "auth.permission", "pk": 27, "fields": {"name": "Can delete category", "content_type": 7, "codename": "delete_category"}}, {"model": "auth.permission", "pk": 28, "fields": {"name": "Can view category", "content_type": 7, "codename": "view_category"}}, {"model": "auth.permission", "pk": 29, "fields": {"name": "Can add sutra", "content_type": 8, "codename": "add_sutra"}}, {"model": "auth.permission", "pk": 30, "fields": {"name": "Can change sutra", "content_type": 8, "codename": "change_sutra"}}, {"model": "auth.permission", "pk": 31, "fields": {"name": "Can delete sutra", "content_type": 8, "codename": "delete_sutra"}}, {"model": "auth.permission", "pk": 32, "fields": {"name": "Can view sutra", "content_type": 8, "codename": "view_sutra"}}, {"model": "auth.permission", "pk": 33, "fields": {"name": "Can add talisman", "content_type": 9, "codename": "add_talisman"}}, {"model": "auth.permission", "pk": 34, "fields": {"name": "Can change talisman", "content_type": 9, "codename": "change_talisman"}}, {"model": "auth.permission", "pk": 35, "fields": {"name": "Can delete talisman", "content_type": 9, "codename": "delete_talisman"}}, {"model": "auth.permission", "pk": 36, "fields": {"name": "Can view talisman", "content_type": 9, "codename": "view_talisman"}}, {"model": "auth.permission", "pk": 37, "fields": {"name": "Can add future", "content_type": 10, "codename": "add_future"}}, {"model": "auth.permission", "pk": 38, "fields": {"name": "Can change future", "content_type": 10, "codename": "change_future"}}, {"model": "auth.permission", "pk": 39, "fields": {"name": "Can delete future", "content_type": 10, "codename": "delete_future"}}, {"model": "auth.permission", "pk": 40, "fields": {"name": "Can view future", "content_type": 10, "codename": "view_future"}}, {"model": "auth.permission", "pk": 41, "fields": {"name": "Can add past", "content_type": 11, "codename": "add_past"}}, {"model": "auth.permission", "pk": 42, "fields": {"name": "Can change past", "content_type": 11, "codename": "change_past"}}, {"model": "auth.permission", "pk": 43, "fields": {"name": "Can delete past", "content_type": 11, "codename": "delete_past"}}, {"model": "auth.permission", "pk": 44, "fields": {"name": "Can view past", "content_type": 11, "codename": "view_past"}}, {"model": "auth.permission", "pk": 45, "fields": {"name": "Can add shared wish", "content_type": 12, "codename": "add_sharedwish"}}, {"model": "auth.permission", "pk": 46, "fields": {"name": "Can change shared wish", "content_type": 12, "codename": "change_sharedwish"}}, {"model": "auth.permission", "pk": 47, "fields": {"name": "Can delete shared wish", "content_type": 12, "codename": "delete_sharedwish"}}, {"model": "auth.permission", "pk": 48, "fields": {"name": "Can view shared wish", "content_type": 12, "codename": "view_sharedwish"}}, {"model": "auth.permission", "pk": 49, "fields": {"name": "Can add my wish", "content_type": 12, "codename": "add_mywish"}}, {"model": "auth.permission", "pk": 50, "fields": {"name": "Can change my wish", "content_type": 12, "codename": "change_mywish"}}, {"model": "auth.permission", "pk": 51, "fields": {"name": "Can delete my wish", "content_type": 12, "codename": "delete_mywish"}}, {"model": "auth.permission", "pk": 52, "fields": {"name": "Can view my wish", "content_type": 12, "codename": "view_mywish"}}, {"model": "auth.permission", "pk": 53, "fields": {"name": "Can add shared wish", "content_type": 13, "codename": "add_sharedwish"}}, {"model": "auth.permission", "pk": 54, "fields": {"name": "Can change shared wish", "content_type": 13, "codename": "change_sharedwish"}}, {"model": "auth.permission", "pk": 55, "fields": {"name": "Can delete shared wish", "content_type": 13, "codename": "delete_sharedwish"}}, {"model": "auth.permission", "pk": 56, "fields": {"name": "Can view shared wish", "content_type": 13, "codename": "view_sharedwish"}}, {"model": "auth.user", "pk": 1, "fields": {"password": "pbkdf2_sha256$720000$5KUiqU04cv36OfpDiqvSBd$bO/k6cfKsFmY+t4iavCMQnj+C9kfgM4I7vBlilCsvZ8=", "last_login": "2024-06-26T03:00:17.969", "is_superuser": false, "username": "test1", "first_name": "", "last_name": "", "email": "", "is_staff": false, "is_active": true, "date_joined": "2024-06-21T23:58:13.401", "groups": [], "user_permissions": []}}, {"model": "auth.user", "pk": 2, "fields": {"password": "pbkdf2_sha256$720000$itTyqVVUDRNtZxDWHLs0zp$ocgpPeXgTpYuVa2wXMgKhok2pS3FG+yunKb3rU3AwIA=", "last_login": "2024-06-24T17:47:57.110", "is_superuser": true, "username": "mintim01", "first_name": "", "last_name": "", "email": "mintim01@naver.com", "is_staff": true, "is_active": true, "date_joined": "2024-06-24T17:47:33.734", "groups": [], "user_permissions": []}}, {"model": "auth.user", "pk": 3, "fields": {"password": "pbkdf2_sha256$720000$RdXfuqkG2vaO2xBja6yHfE$+ykC8e9CuXKSSrF7cxXp3gR38D1LBjfrUUwWZW5SUac=", "last_login": "2024-06-24T22:06:07.989", "is_superuser": false, "username": "여름이", "first_name": "", "last_name": "", "email": "", "is_staff": false, "is_active": true, "date_joined": "2024-06-24T22:06:07.688", "groups": [], "user_permissions": []}}, {"model": "auth.user", "pk": 4, "fields": {"password": "pbkdf2_sha256$720000$LrKkeRWMNAaSNRXGTZ0XRz$Sk4s2Cci//BC6vhWIKpBTXYC3e/FBI6wJTywpu5/Tz8=", "last_login": "2024-06-24T22:27:11.614", "is_superuser": false, "username": "감자고", "first_name": "", "last_name": "", "email": "", "is_staff": false, "is_active": true, "date_joined": "2024-06-24T22:26:26.223", "groups": [], "user_permissions": []}}, {"model": "contenttypes.contenttype", "pk": 1, "fields": {"app_label": "admin", "model": "logentry"}}, {"model": "contenttypes.contenttype", "pk": 2, "fields": {"app_label": "auth", "model": "permission"}}, {"model": "contenttypes.contenttype", "pk": 3, "fields": {"app_label": "auth", "model": "group"}}, {"model": "contenttypes.contenttype", "pk": 4, "fields": {"app_label": "auth", "model": "user"}}, {"model": "contenttypes.contenttype", "pk": 5, "fields": {"app_label": "contenttypes", "model": "contenttype"}}, {"model": "contenttypes.contenttype", "pk": 6, "fields": {"app_label": "sessions", "model": "session"}}, {"model": "contenttypes.contenttype", "pk": 7, "fields": {"app_label": "main", "model": "category"}}, {"model": "contenttypes.contenttype", "pk": 8, "fields": {"app_label": "main", "model": "sutra"}}, {"model": "contenttypes.contenttype", "pk": 9, "fields": {"app_label": "main", "model": "talisman"}}, {"model": "contenttypes.contenttype", "pk": 10, "fields": {"app_label": "post", "model": "future"}}, {"model": "contenttypes.contenttype", "pk": 11, "fields": {"app_label": "post", "model": "past"}}, {"model": "contenttypes.contenttype", "pk": 12, "fields": {"app_label": "post", "model": "mywish"}}, {"model": "contenttypes.contenttype", "pk": 13, "fields": {"app_label": "post", "model": "sharedwish"}}, {"model": "sessions.session", "pk": "2w97nkfpj4ftktijgu043m11rfoc1zad", "fields": {"session_data": ".eJxVjMsOwiAQRf-FtSEFOjxcuvcbmmEYpGogKe3K-O_apAvd3nPOfYkJt7VMW-dlmpM4CyVOv1tEenDdQbpjvTVJra7LHOWuyIN2eW2Jn5fD_Tso2Mu3Ht1g0pCttzgQOGIAUAoy2RAgRu_JJKvIau0CBNSMLrNPhpQbtdMs3h_KBTdW:1sLiZt:Lagi7MLrkWeNX4GFvmxPfOtNXvIJ9REfSEbsSMYVQ0Q", "expire_date": "2024-07-08T21:13:45.981"}}, {"model": "sessions.session", "pk": "7ou5ufqtyomomg1nq5ft94z06c7he9ra", "fields": {"session_data": ".eJxVjMsOwiAQRf-FtSE8pgVcuvcbyACDVA0kpV0Z_11JutDtPefcF_O4b8XvnVa_JHZmwE6_W8D4oDpAumO9NR5b3dYl8KHwg3Z-bYmel8P9OyjYy7e2JKUAygYlxmymFK2D5JyWAGgRzWRnrQlsICOFmJPI0RlSQg1BIXt_AN9sN28:1sLjix:EAjdByVN3iR6aIL7BgFhzAI2QCu8ezW1bdqNk73aUzc", "expire_date": "2024-07-08T22:27:11.616"}}, {"model": "sessions.session", "pk": "8gtpyr9jdcejahc1y1j2hf0qj6606l0e", "fields": {"session_data": ".eJxVjMsOwiAQRf-FtSEDQ0Zw6d5vIMNLqgaS0q4a_12bdKHbe865m_C8LtWvI89-SuIiUJx-t8DxmdsO0oPbvcvY2zJPQe6KPOiQt57y63q4fweVR_3WTuvILmkVsagQKeds4YwGNDKhYsAEVIjIBbBBJ20RVCwGSAUHzoj3B9WVNvg:1sLjOZ:nl2S9IVB5qIaQwjSyIQG2VDgRBF0CKH4GYMuAR0EJCA", "expire_date": "2024-07-08T22:06:07.991"}}, {"model": "sessions.session", "pk": "aqgddn2b95sbumvgm4y3iilu0sja9335", "fields": {"session_data": ".eJxVjMsOwiAQRf-FtSEFOjxcuvcbmmEYpGogKe3K-O_apAvd3nPOfYkJt7VMW-dlmpM4CyVOv1tEenDdQbpjvTVJra7LHOWuyIN2eW2Jn5fD_Tso2Mu3Ht1g0pCttzgQOGIAUAoy2RAgRu_JJKvIau0CBNSMLrNPhpQbtdMs3h_KBTdW:1sLcca:VFA4kihQcYN1-bM1nTiHzgtziGDTcUA331DNaYZ3R4c", "expire_date": "2024-07-08T14:52:08.310"}}, {"model": "sessions.session", "pk": "bw67yz0okjoqbryqozvxslyba1yg6e57", "fields": {"session_data": ".eJxVjMsOwiAQRf-FtSEFOjxcuvcbmmEYpGogKe3K-O_apAvd3nPOfYkJt7VMW-dlmpM4CyVOv1tEenDdQbpjvTVJra7LHOWuyIN2eW2Jn5fD_Tso2Mu3Ht1g0pCttzgQOGIAUAoy2RAgRu_JJKvIau0CBNSMLrNPhpQbtdMs3h_KBTdW:1sLlTE:o6sQrI-mX2LJuIekfWmARIK_C5iK20Jo--kPQVO421g", "expire_date": "2024-07-09T00:19:04.730"}}, {"model": "sessions.session", "pk": "cbg84l24unnytsssnewmxgjpjgrbuqt2", "fields": {"session_data": ".eJxVjMsOwiAQRf-FtSEFOjxcuvcbmmEYpGogKe3K-O_apAvd3nPOfYkJt7VMW-dlmpM4CyVOv1tEenDdQbpjvTVJra7LHOWuyIN2eW2Jn5fD_Tso2Mu3Ht1g0pCttzgQOGIAUAoy2RAgRu_JJKvIau0CBNSMLrNPhpQbtdMs3h_KBTdW:1sMASn:_KpZNVYscWzY1D4iw7CKoZxaZl3HrI4wp0J9M-c7rA4", "expire_date": "2024-07-10T03:00:17.970"}}, {"model": "sessions.session", "pk": "fct6jqigt7zkukvetib0sk0shdev9m6r", "fields": {"session_data": ".eJxVjMsOwiAQRf-FtSEFOjxcuvcbmmEYpGogKe3K-O_apAvd3nPOfYkJt7VMW-dlmpM4CyVOv1tEenDdQbpjvTVJra7LHOWuyIN2eW2Jn5fD_Tso2Mu3Ht1g0pCttzgQOGIAUAoy2RAgRu_JJKvIau0CBNSMLrNPhpQbtdMs3h_KBTdW:1sKfiP:Oykkrc3eFst9vdujaIAcPj62nl1YmcFIa77yGc1eyY4", "expire_date": "2024-07-05T23:58:13.703"}}, {"model": "sessions.session", "pk": "jns4fs34i4o8ulczemuhz5hma7ipkz8f", "fields": {"session_data": ".eJxVjMsOwiAQRf-FtSEFOjxcuvcbmmEYpGogKe3K-O_apAvd3nPOfYkJt7VMW-dlmpM4CyVOv1tEenDdQbpjvTVJra7LHOWuyIN2eW2Jn5fD_Tso2Mu3Ht1g0pCttzgQOGIAUAoy2RAgRu_JJKvIau0CBNSMLrNPhpQbtdMs3h_KBTdW:1sLH20:WAAet7ro261hlWEdYplimbiOZB-9_zCW-Zr2MdADUCA", "expire_date": "2024-07-07T15:48:56.174"}}, {"model": "sessions.session", "pk": "kyvly3wt9h5hifgalwwcn5nbcyx71cyy", "fields": {"session_data": ".eJxVjMsOwiAQRf-FtSEFOjxcuvcbmmEYpGogKe3K-O_apAvd3nPOfYkJt7VMW-dlmpM4CyVOv1tEenDdQbpjvTVJra7LHOWuyIN2eW2Jn5fD_Tso2Mu3Ht1g0pCttzgQOGIAUAoy2RAgRu_JJKvIau0CBNSMLrNPhpQbtdMs3h_KBTdW:1sM4n1:D-RyVQXIZfXRouvePyWPTJFnByx1kqLdywhxFyHQhis", "expire_date": "2024-07-09T20:56:47.488"}}, {"model": "sessions.session", "pk": "mn1xx1v5q0tjxt1i62fyh7gv322lkt2r", "fields": {"session_data": ".eJxVjMsOwiAQRf-FtSEFOjxcuvcbmmEYpGogKe3K-O_apAvd3nPOfYkJt7VMW-dlmpM4CyVOv1tEenDdQbpjvTVJra7LHOWuyIN2eW2Jn5fD_Tso2Mu3Ht1g0pCttzgQOGIAUAoy2RAgRu_JJKvIau0CBNSMLrNPhpQbtdMs3h_KBTdW:1sLimt:4ietR-JWyympEyBkOWIWSzPfrVX1kG-tXtdbgTtgWds", "expire_date": "2024-07-08T21:27:11.513"}}, {"model": "sessions.session", "pk": "nivhmu0wdd07mgorcau9w9iii6x8x0hy", "fields": {"session_data": ".eJxVjMsOwiAQRf-FtSEFOjxcuvcbmmEYpGogKe3K-O_apAvd3nPOfYkJt7VMW-dlmpM4CyVOv1tEenDdQbpjvTVJra7LHOWuyIN2eW2Jn5fD_Tso2Mu3Ht1g0pCttzgQOGIAUAoy2RAgRu_JJKvIau0CBNSMLrNPhpQbtdMs3h_KBTdW:1sLfXJ:e3sxgPkgIOUg-dI2N1hTKGqBgxWpYtReVhlFVg_PCS4", "expire_date": "2024-07-08T17:58:53.194"}}, {"model": "sessions.session", "pk": "oj2mr1yoruyzp6q23iydmgp7w7336j54", "fields": {"session_data": ".eJxVjMsOwiAQRf-FtSEFOjxcuvcbmmEYpGogKe3K-O_apAvd3nPOfYkJt7VMW-dlmpM4CyVOv1tEenDdQbpjvTVJra7LHOWuyIN2eW2Jn5fD_Tso2Mu3Ht1g0pCttzgQOGIAUAoy2RAgRu_JJKvIau0CBNSMLrNPhpQbtdMs3h_KBTdW:1sLjbA:R_cy0dEdFoH05FxRzvgeDOXI1haQdCixxbgdj4gO4ZQ", "expire_date": "2024-07-08T22:19:08.425"}}, {"model": "sessions.session", "pk": "wfeu74e8bz5szm08l5v3dqlfyarcvxxb", "fields": {"session_data": ".eJxVjMsOwiAQRf-FtSEFOjxcuvcbmmEYpGogKe3K-O_apAvd3nPOfYkJt7VMW-dlmpM4CyVOv1tEenDdQbpjvTVJra7LHOWuyIN2eW2Jn5fD_Tso2Mu3Ht1g0pCttzgQOGIAUAoy2RAgRu_JJKvIau0CBNSMLrNPhpQbtdMs3h_KBTdW:1sLHd2:XnEe22Db3TiNSGRHLuwfm77uhakV4JSLxaltr0pOVq4", "expire_date": "2024-07-07T16:27:12.749"}}, {"model": "sessions.session", "pk": "yafvcv29ikmxc08jk0867t3iis6axvf2", "fields": {"session_data": ".eJxVjMsOwiAQRf-FtSEFOjxcuvcbmmEYpGogKe3K-O_apAvd3nPOfYkJt7VMW-dlmpM4CyVOv1tEenDdQbpjvTVJra7LHOWuyIN2eW2Jn5fD_Tso2Mu3Ht1g0pCttzgQOGIAUAoy2RAgRu_JJKvIau0CBNSMLrNPhpQbtdMs3h_KBTdW:1sLfcp:YIGE4cnYhpSnES0AL79WUl4jG10FVlb9c8rZDu3aCGA", "expire_date": "2024-07-08T18:04:35.210"}}, {"model": "main.category", "pk": 1, "fields": {"category": "참회"}}, {"model": "main.category", "pk": 2, "fields": {"category": "소망"}}, {"model": "main.category", "pk": 3, "fields": {"category": "사랑"}}, {"model": "main.category", "pk": 4, "fields": {"category": "건강"}}, {"model": "main.category", "pk": 5, "fields": {"category": "인간관계"}}, {"model": "main.sutra", "pk": 1, "fields": {"text": "선한 일을 서둘러 행하라. 마음이 악으로 기울기 전에 악한 행위를 피하라. - 법구경 116장 - ", "category": 1}}, {"model": "main.sutra", "pk": 2, "fields": {"text": "지혜로운 사람은 자신의 길을 스스로 만든다. 그는 결코 다른 사람에게 의존하지 않으며, 스스로의 노력으로 성공을 거둔다. - 법구경 24장 - ", "category": 2}}, {"model": "main.sutra", "pk": 3, "fields": {"text": "잘못된 행동을 하고 후회하는 것보다, 올바른 행동을 하고 후회하지 않는 것이 낫다. 왜냐하면 올바른 행동은 후회를 낳지 않기 때문이다. - 법구경 67장 - ", "category": 1}}, {"model": "main.sutra", "pk": 4, "fields": {"text": "자신의 구원을 위해 노력하라. 부지런히 노력하는 사람은 반드시 결과를 얻는다. - 법구경 276장 - ", "category": 2}}, {"model": "main.sutra", "pk": 5, "fields": {"text": "부지런히 수행하여 마음을 깨끗이 하라. 마음이 깨끗해지면, 악한 업보가 다가오지 않는다. - 법구경 314장 - ", "category": 1}}, {"model": "main.sutra", "pk": 6, "fields": {"text": "잘못을 깨닫고 바로잡는 사람은, 참회의 마음으로 정진한다면, 그에게는 행복이 찾아온다. - 법구경 1장 - ", "category": 1}}, {"model": "main.sutra", "pk": 7, "fields": {"text": "자신의 잘못을 알고 참회하는 이는, 새로이 청정한 삶을 살아갈 것이다. - 법구경 10장 - ", "category": 1}}, {"model": "main.sutra", "pk": 8, "fields": {"text": "자신의 잘못을 인정하고 참회하는 이는, 진정으로 위대한 자이다. - 법구경 12장 - ", "category": 1}}, {"model": "main.sutra", "pk": 9, "fields": {"text": "참회하는 자는 자신의 마음을 정화하며, 참된 행복을 얻을 것이다. - 법구경 7장 - ", "category": 1}}, {"model": "main.sutra", "pk": 10, "fields": {"text": "모든 것은 마음이 근본이 되어 생겨난다. 마음이 맑고 깨끗한 사람에게는 행복이 찾아온다. - 법구경 1장 - ", "category": 1}}, {"model": "main.sutra", "pk": 11, "fields": {"text": "지혜와 노력은 함께 가야 한다. 지혜로운 노력은 항상 성공을 가져온다. - 법구경 43장 - ", "category": 2}}, {"model": "main.sutra", "pk": 12, "fields": {"text": "작은 일이라도 경시하지 말라. 작은 노력이 쌓여 큰 결과를 만든다 - 법구경 122장 -  ", "category": 2}}, {"model": "main.sutra", "pk": 13, "fields": {"text": "스스로를 믿고 최선을 다하라. 그러면 모든 것이 가능해질 것이다. - 법구경 112장 - ", "category": 2}}, {"model": "main.sutra", "pk": 14, "fields": {"text": "마음을 잘 다스리는 자는 고요함을 얻고, 행복을 찾게 된다. - 법구경 3장 - ", "category": 2}}, {"model": "main.sutra", "pk": 15, "fields": {"text": "훌륭한 일을 계속 쌓아가면, 그 공덕이 자신을 행복으로 인도할 것이다. - 법구경 1장 - ", "category": 2}}, {"model": "main.sutra", "pk": 16, "fields": {"text": "지혜로운 사람은 바른 길을 선택하고, 그 길은 결국 그를 행복으로 인도한다. - 법구경 6장 - ", "category": 2}}, {"model": "main.sutra", "pk": 17, "fields": {"text": "진리의 길을 따르는 자는, 그 길이 끝날 때 큰 행복을 만날 것이다. - 법구경 20장 - ", "category": 2}}, {"model": "main.talisman", "pk": 3, "fields": {"user": 1, "image": "", "talisman_category": "2", "text": "afdsadf", "discription": "test"}}, {"model": "main.talisman", "pk": 4, "fields": {"user": 2, "image": "", "talisman_category": "3", "text": "", "discription": ""}}, {"model": "main.talisman", "pk": 5, "fields": {"user": 3, "image": "", "talisman_category": "3", "text": "", "discription": ""}}, {"model": "main.talisman", "pk": 6, "fields": {"user": 4, "image": "", "talisman_category": "2", "text": "남자칭구가 너모 귀여워용", "discription": ""}}, {"model": "post.past", "pk": 6, "fields": {"user": 1, "text": "asdfads", "my_sutra": "잘못된 행동을 하고 후회하는 것보다, 올바른 행동을 하고 후회하지 않는 것이 낫다. 왜냐하면 올바른 행동은 후회를 낳지 않기 때문이다. - 법구경 67장 - ", "category": 1, "created_at": "2024-06-24T14:43:22.672"}}, {"model": "post.past", "pk": 7, "fields": {"user": 2, "text": "ㅁㄴㅇㄹ", "my_sutra": "선한 일을 서둘러 행하라. 마음이 악으로 기울기 전에 악한 행위를 피하라. - 법구경 116장 - ", "category": 1, "created_at": "2024-06-24T21:12:11.851"}}, {"model": "post.past", "pk": 8, "fields": {"user": 3, "text": "길가에 쓰레기를 버렸어요", "my_sutra": "선한 일을 서둘러 행하라. 마음이 악으로 기울기 전에 악한 행위를 피하라. - 법구경 116장 - ", "category": 1, "created_at": "2024-06-24T22:07:40.278"}}, {"model": "post.past", "pk": 9, "fields": {"user": 4, "text": "안태극기가 안바람에 안펄럭입니다~~", "my_sutra": "선한 일을 서둘러 행하라. 마음이 악으로 기울기 전에 악한 행위를 피하라. - 법구경 116장 - ", "category": 1, "created_at": "2024-06-24T22:30:25.547"}}, {"model": "post.future", "pk": 22, "fields": {"user": 1, "text": "sdasdg", "my_sutra": "자신의 구원을 위해 노력하라. 부지런히 노력하는 사람은 반드시 결과를 얻는다. - 법구경 276장 - ", "category": 2, "created_at": "2024-06-24T14:43:05.587"}}, {"model": "post.future", "pk": 23, "fields": {"user": 2, "text": "ㅇㄴㅁㄹ", "my_sutra": "지혜로운 사람은 자신의 길을 스스로 만든다. 그는 결코 다른 사람에게 의존하지 않으며, 스스로의 노력으로 성공을 거둔다. - 법구경 24장 - ", "category": 2, "created_at": "2024-06-24T21:12:03.071"}}, {"model": "post.future", "pk": 24, "fields": {"user": 3, "text": "안녕하세요", "my_sutra": "지혜로운 사람은 자신의 길을 스스로 만든다. 그는 결코 다른 사람에게 의존하지 않으며, 스스로의 노력으로 성공을 거둔다. - 법구경 24장 - ", "category": 2, "created_at": "2024-06-24T22:07:02.218"}}, {"model": "post.future", "pk": 25, "fields": {"user": 4, "text": "안태극기가 안바람에 안펄럭입니다~!", "my_sutra": "지혜로운 사람은 자신의 길을 스스로 만든다. 그는 결코 다른 사람에게 의존하지 않으며, 스스로의 노력으로 성공을 거둔다. - 법구경 24장 - ", "category": 2, "created_at": "2024-06-24T22:28:05.901"}}, {"model": "post.mywish", "pk": 1, "fields": {"title": "adfasdfas", "user": 1, "text": "asdfasdfds", "created_at": "2024-06-24T22:00:55.649", "like_count": 0, "num108_count": 0}}, {"model": "post.mywish", "pk": 2, "fields": {"title": "ㅇㅇㅇ", "user": 3, "text": "ㅇㅇㅇ", "created_at": "2024-06-24T22:09:23.362", "like_count": 0, "num108_count": 108}}, {"model": "post.mywish", "pk": 3, "fields": {"title": "전쟁나면 안된댭", "user": 4, "text": "오물 고만 보내라~~~~~~~~~~~~~~~~~~~~~~~~~~~", "created_at": "2024-06-24T22:33:34.707", "like_count": 0, "num108_count": 108}}, {"model": "post.sharedwish", "pk": 6, "fields": {"title": "번뇌", "user": 3, "text": "번뇌", "created_at": "2024-06-24T22:10:44.554", "like_count": 1, "num108_count": 109, "like": [1]}}, {"model": "post.sharedwish", "pk": 7, "fields": {"title": "ㅇㅇㅇ", "user": 3, "text": "ㅇㅇㅇ", "created_at": "2024-06-24T22:24:03.311", "like_count": 0, "num108_count": 108, "like": []}}, {"model": "post.sharedwish", "pk": 8, "fields": {"title": "전쟁나면 안된댭", "user": 4, "text": "오물 고만 보내라~~~~~~~~~~~~~~~~~~~~~~~~~~~", "created_at": "2024-06-24T22:34:27.058", "like_count": 0, "num108_count": 108, "like": []}}, {"model": "post.sharedwish", "pk": 9, "fields": {"title": "심바톤 빠이팅", "user": 1, "text": "나는 신이다", "created_at": "2024-06-25T01:35:12.363", "like_count": 0, "num108_count": 108, "like": []}}, {"model": "post.sharedwish", "pk": 10, "fields": {"title": "실험", "user": 1, "text": "", "created_at": "2024-06-25T21:21:32.027", "like_count": 1, "num108_count": 108, "like": [1]}}, {"model": "post.sharedwish", "pk": 11, "fields": {"title": "ㅁㄴㅇ", "user": 1, "text": "ㅁㄴㅇㅁㄴㅇ", "created_at": "2024-06-25T22:05:50.715", "like_count": 0, "num108_count": 0, "like": []}}, {"model": "post.sharedwish", "pk": 12, "fields": {"title": "ㅁㄴㅇ", "user": 1, "text": "ㅁㄴㅇㅁㄴㅇ", "created_at": "2024-06-25T22:07:44.359", "like_count": 0, "num108_count": 0, "like": []}}, {"model": "post.sharedwish", "pk": 13, "fields": {"title": "ㅁㄴㅇ", "user": 1, "text": "ㅁㄴㅇㅁㄴㅇ", "created_at": "2024-06-25T22:07:47.776", "like_count": 0, "num108_count": 0, "like": []}}, {"model": "post.sharedwish", "pk": 14, "fields": {"title": "ㅁㄴㅇ", "user": 1, "text": "ㅁㄴㅇㅁㄴㅇ", "created_at": "2024-06-25T22:08:44.926", "like_count": 0, "num108_count": 0, "like": []}}, {"model": "post.sharedwish", "pk": 15, "fields": {"title": "saf", "user": 1, "text": "asdf", "created_at": "2024-06-25T23:59:09.843", "like_count": 0, "num108_count": 0, "like": []}}, {"model": "post.sharedwish", "pk": 16, "fields": {"title": "adfasdfas", "user": 1, "text": "asdfasdfds", "created_at": "2024-06-26T03:03:35.824", "like_count": 0, "num108_count": 0, "like": []}}]