[{"model": "auth.permission", "pk": 1, "fields": {"name": "Can add log entry", "content_type": 1, "codename": "add_logentry"}}, {"model": "auth.permission", "pk": 2, "fields": {"name": "Can change log entry", "content_type": 1, "codename": "change_logentry"}}, {"model": "auth.permission", "pk": 3, "fields": {"name": "Can delete log entry", "content_type": 1, "codename": "delete_logentry"}}, {"model": "auth.permission", "pk": 4, "fields": {"name": "Can view log entry", "content_type": 1, "codename": "view_logentry"}}, {"model": "auth.permission", "pk": 5, "fields": {"name": "Can add permission", "content_type": 2, "codename": "add_permission"}}, {"model": "auth.permission", "pk": 6, "fields": {"name": "Can change permission", "content_type": 2, "codename": "change_permission"}}, {"model": "auth.permission", "pk": 7, "fields": {"name": "Can delete permission", "content_type": 2, "codename": "delete_permission"}}, {"model": "auth.permission", "pk": 8, "fields": {"name": "Can view permission", "content_type": 2, "codename": "view_permission"}}, {"model": "auth.permission", "pk": 9, "fields": {"name": "Can add group", "content_type": 3, "codename": "add_group"}}, {"model": "auth.permission", "pk": 10, "fields": {"name": "Can change group", "content_type": 3, "codename": "change_group"}}, {"model": "auth.permission", "pk": 11, "fields": {"name": "Can delete group", "content_type": 3, "codename": "delete_group"}}, {"model": "auth.permission", "pk": 12, "fields": {"name": "Can view group", "content_type": 3, "codename": "view_group"}}, {"model": "auth.permission", "pk": 13, "fields": {"name": "Can add user", "content_type": 4, "codename": "add_user"}}, {"model": "auth.permission", "pk": 14, "fields": {"name": "Can change user", "content_type": 4, "codename": "change_user"}}, {"model": "auth.permission", "pk": 15, "fields": {"name": "Can delete user", "content_type": 4, "codename": "delete_user"}}, {"model": "auth.permission", "pk": 16, "fields": {"name": "Can view user", "content_type": 4, "codename": "view_user"}}, {"model": "auth.permission", "pk": 17, "fields": {"name": "Can add content type", "content_type": 5, "codename": "add_contenttype"}}, {"model": "auth.permission", "pk": 18, "fields": {"name": "Can change content type", "content_type": 5, "codename": "change_contenttype"}}, {"model": "auth.permission", "pk": 19, "fields": {"name": "Can delete content type", "content_type": 5, "codename": "delete_contenttype"}}, {"model": "auth.permission", "pk": 20, "fields": {"name": "Can view content type", "content_type": 5, "codename": "view_contenttype"}}, {"model": "auth.permission", "pk": 21, "fields": {"name": "Can add session", "content_type": 6, "codename": "add_session"}}, {"model": "auth.permission", "pk": 22, "fields": {"name": "Can change session", "content_type": 6, "codename": "change_session"}}, {"model": "auth.permission", "pk": 23, "fields": {"name": "Can delete session", "content_type": 6, "codename": "delete_session"}}, {"model": "auth.permission", "pk": 24, "fields": {"name": "Can view session", "content_type": 6, "codename": "view_session"}}, {"model": "auth.permission", "pk": 25, "fields": {"name": "Can add category", "content_type": 7, "codename": "add_category"}}, {"model": "auth.permission", "pk": 26, "fields": {"name": "Can change category", "content_type": 7, "codename": "change_category"}}, {"model": "auth.permission", "pk": 27, "fields": {"name": "Can delete category", "content_type": 7, "codename": "delete_category"}}, {"model": "auth.permission", "pk": 28, "fields": {"name": "Can view category", "content_type": 7, "codename": "view_category"}}, {"model": "auth.permission", "pk": 29, "fields": {"name": "Can add sutra", "content_type": 8, "codename": "add_sutra"}}, {"model": "auth.permission", "pk": 30, "fields": {"name": "Can change sutra", "content_type": 8, "codename": "change_sutra"}}, {"model": "auth.permission", "pk": 31, "fields": {"name": "Can delete sutra", "content_type": 8, "codename": "delete_sutra"}}, {"model": "auth.permission", "pk": 32, "fields": {"name": "Can view sutra", "content_type": 8, "codename": "view_sutra"}}, {"model": "auth.permission", "pk": 33, "fields": {"name": "Can add talisman", "content_type": 9, "codename": "add_talisman"}}, {"model": "auth.permission", "pk": 34, "fields": {"name": "Can change talisman", "content_type": 9, "codename": "change_talisman"}}, {"model": "auth.permission", "pk": 35, "fields": {"name": "Can delete talisman", "content_type": 9, "codename": "delete_talisman"}}, {"model": "auth.permission", "pk": 36, "fields": {"name": "Can view talisman", "content_type": 9, "codename": "view_talisman"}}, {"model": "auth.permission", "pk": 37, "fields": {"name": "Can add future", "content_type": 10, "codename": "add_future"}}, {"model": "auth.permission", "pk": 38, "fields": {"name": "Can change future", "content_type": 10, "codename": "change_future"}}, {"model": "auth.permission", "pk": 39, "fields": {"name": "Can delete future", "content_type": 10, "codename": "delete_future"}}, {"model": "auth.permission", "pk": 40, "fields": {"name": "Can view future", "content_type": 10, "codename": "view_future"}}, {"model": "auth.permission", "pk": 41, "fields": {"name": "Can add past", "content_type": 11, "codename": "add_past"}}, {"model": "auth.permission", "pk": 42, "fields": {"name": "Can change past", "content_type": 11, "codename": "change_past"}}, {"model": "auth.permission", "pk": 43, "fields": {"name": "Can delete past", "content_type": 11, "codename": "delete_past"}}, {"model": "auth.permission", "pk": 44, "fields": {"name": "Can view past", "content_type": 11, "codename": "view_past"}}, {"model": "auth.permission", "pk": 45, "fields": {"name": "Can add shared wish", "content_type": 12, "codename": "add_sharedwish"}}, {"model": "auth.permission", "pk": 46, "fields": {"name": "Can change shared wish", "content_type": 12, "codename": "change_sharedwish"}}, {"model": "auth.permission", "pk": 47, "fields": {"name": "Can delete shared wish", "content_type": 12, "codename": "delete_sharedwish"}}, {"model": "auth.permission", "pk": 48, "fields": {"name": "Can view shared wish", "content_type": 12, "codename": "view_sharedwish"}}, {"model": "auth.permission", "pk": 49, "fields": {"name": "Can add my wish", "content_type": 12, "codename": "add_mywish"}}, {"model": "auth.permission", "pk": 50, "fields": {"name": "Can change my wish", "content_type": 12, "codename": "change_mywish"}}, {"model": "auth.permission", "pk": 51, "fields": {"name": "Can delete my wish", "content_type": 12, "codename": "delete_mywish"}}, {"model": "auth.permission", "pk": 52, "fields": {"name": "Can view my wish", "content_type": 12, "codename": "view_mywish"}}, {"model": "auth.permission", "pk": 53, "fields": {"name": "Can add shared wish", "content_type": 13, "codename": "add_sharedwish"}}, {"model": "auth.permission", "pk": 54, "fields": {"name": "Can change shared wish", "content_type": 13, "codename": "change_sharedwish"}}, {"model": "auth.permission", "pk": 55, "fields": {"name": "Can delete shared wish", "content_type": 13, "codename": "delete_sharedwish"}}, {"model": "auth.permission", "pk": 56, "fields": {"name": "Can view shared wish", "content_type": 13, "codename": "view_sharedwish"}}, {"model": "auth.user", "pk": 5, "fields": {"password": "pbkdf2_sha256$720000$OKOufxQ0fmsOi1tOfn3d5c$xWOI1HJZ0iF4HBtp4x0XuT+LvKeQ2m/Zgqo/EViI86E=", "last_login": "2024-06-26T14:30:34.020", "is_superuser": false, "username": "희진", "first_name": "", "last_name": "", "email": "", "is_staff": false, "is_active": true, "date_joined": "2024-06-26T14:30:33.727", "groups": [], "user_permissions": []}}, {"model": "auth.user", "pk": 6, "fields": {"password": "pbkdf2_sha256$720000$89873g56uOYPp91hYSIUF5$C03bqI85tqn+9U60MGSkNBlKKQt+Sq2rmEwlCusjiFw=", "last_login": "2024-06-26T14:30:54.907", "is_superuser": false, "username": "근운", "first_name": "", "last_name": "", "email": "", "is_staff": false, "is_active": true, "date_joined": "2024-06-26T14:30:54.607", "groups": [], "user_permissions": []}}, {"model": "auth.user", "pk": 7, "fields": {"password": "pbkdf2_sha256$720000$Q5A2LOcsV1wQfaKXJaOGu7$jD/OejzzQyG4uDyQ2vmHVC0uQt1yb//bm+34TABEGXc=", "last_login": "2024-06-26T14:31:12.320", "is_superuser": false, "username": "세라11", "first_name": "", "last_name": "", "email": "", "is_staff": false, "is_active": true, "date_joined": "2024-06-26T14:31:12.019", "groups": [], "user_permissions": []}}, {"model": "auth.user", "pk": 8, "fields": {"password": "pbkdf2_sha256$720000$u0mLUarXDcFpVQDisKjI0F$8jvR4Lt90MJHidOOAqxWKzrS9xLD77KcodrWi2kVl2Q=", "last_login": "2024-06-26T14:38:57.705", "is_superuser": false, "username": "연진", "first_name": "", "last_name": "", "email": "", "is_staff": false, "is_active": true, "date_joined": "2024-06-26T14:31:14.551", "groups": [], "user_permissions": []}}, {"model": "auth.user", "pk": 9, "fields": {"password": "pbkdf2_sha256$720000$F0HUFqhWm65EypZ49rDOSc$KlrZE92zaStXGoG9VLI9DyikGMJco9ajUd/2FemApBk=", "last_login": "2024-06-26T14:31:19.453", "is_superuser": false, "username": "시혁", "first_name": "", "last_name": "", "email": "", "is_staff": false, "is_active": true, "date_joined": "2024-06-26T14:31:19.153", "groups": [], "user_permissions": []}}, {"model": "auth.user", "pk": 10, "fields": {"password": "pbkdf2_sha256$720000$P0dxbeA0ApuU2LX5yziG5q$Tyq0LVBbJqUbJEcClEKmjMnTp8SS2AM3mB3P8qx7gbQ=", "last_login": "2024-06-26T14:35:34.371", "is_superuser": false, "username": "뽀로로", "first_name": "", "last_name": "", "email": "", "is_staff": false, "is_active": true, "date_joined": "2024-06-26T14:35:34.070", "groups": [], "user_permissions": []}}, {"model": "auth.user", "pk": 11, "fields": {"password": "pbkdf2_sha256$720000$pHohosHJLzzfDYKmoydc9S$+MZWO9Vtlh0iZQT1j8rUGJWko4ZSFIy/Ms23AsuQ7CI=", "last_login": "2024-06-26T14:36:02.985", "is_superuser": false, "username": "수반", "first_name": "", "last_name": "", "email": "", "is_staff": false, "is_active": true, "date_joined": "2024-06-26T14:36:02.688", "groups": [], "user_permissions": []}}, {"model": "auth.user", "pk": 12, "fields": {"password": "pbkdf2_sha256$720000$p5totRjCyOas1LjWgjwGFy$TnTUIR3OKU6l3GXgspGJUylWKIzLr4Sf0nRXOfbwlRI=", "last_login": "2024-06-26T14:43:34.010", "is_superuser": false, "username": "민가", "first_name": "", "last_name": "", "email": "", "is_staff": false, "is_active": true, "date_joined": "2024-06-26T14:36:04.593", "groups": [], "user_permissions": []}}, {"model": "contenttypes.contenttype", "pk": 1, "fields": {"app_label": "admin", "model": "logentry"}}, {"model": "contenttypes.contenttype", "pk": 2, "fields": {"app_label": "auth", "model": "permission"}}, {"model": "contenttypes.contenttype", "pk": 3, "fields": {"app_label": "auth", "model": "group"}}, {"model": "contenttypes.contenttype", "pk": 4, "fields": {"app_label": "auth", "model": "user"}}, {"model": "contenttypes.contenttype", "pk": 5, "fields": {"app_label": "contenttypes", "model": "contenttype"}}, {"model": "contenttypes.contenttype", "pk": 6, "fields": {"app_label": "sessions", "model": "session"}}, {"model": "contenttypes.contenttype", "pk": 7, "fields": {"app_label": "main", "model": "category"}}, {"model": "contenttypes.contenttype", "pk": 8, "fields": {"app_label": "main", "model": "sutra"}}, {"model": "contenttypes.contenttype", "pk": 9, "fields": {"app_label": "main", "model": "talisman"}}, {"model": "contenttypes.contenttype", "pk": 10, "fields": {"app_label": "post", "model": "future"}}, {"model": "contenttypes.contenttype", "pk": 11, "fields": {"app_label": "post", "model": "past"}}, {"model": "contenttypes.contenttype", "pk": 12, "fields": {"app_label": "post", "model": "mywish"}}, {"model": "contenttypes.contenttype", "pk": 13, "fields": {"app_label": "post", "model": "sharedwish"}}, {"model": "sessions.session", "pk": "0pidap6xsqrmtrpprkp14395n2nwdmmm", "fields": {"session_data": ".eJxVjEEOwiAQRe_C2hAoBSYu3XsGMsMMUjUlKe3KeHdt0oVu_3vvv1TCba1p67KkidVZWaNOvyNhfsi8E77jfGs6t3ldJtK7og_a9bWxPC-H-3dQsddvLSZkiRECS5TCdiBhbwHQjgU9D8jgxugAgylxIFMoM2QojrIXkqDeHyr8OVw:1sMLJe:FEp7lGtxAbsYNtQFJilgcaVSeoGjK6VSYhMR51Ie8e8", "expire_date": "2024-07-10T14:35:34.372"}}, {"model": "sessions.session", "pk": "2w97nkfpj4ftktijgu043m11rfoc1zad", "fields": {"session_data": ".eJxVjMsOwiAQRf-FtSEFOjxcuvcbmmEYpGogKe3K-O_apAvd3nPOfYkJt7VMW-dlmpM4CyVOv1tEenDdQbpjvTVJra7LHOWuyIN2eW2Jn5fD_Tso2Mu3Ht1g0pCttzgQOGIAUAoy2RAgRu_JJKvIau0CBNSMLrNPhpQbtdMs3h_KBTdW:1sLiZt:Lagi7MLrkWeNX4GFvmxPfOtNXvIJ9REfSEbsSMYVQ0Q", "expire_date": "2024-07-08T21:13:45.981"}}, {"model": "sessions.session", "pk": "7ou5ufqtyomomg1nq5ft94z06c7he9ra", "fields": {"session_data": ".eJxVjMsOwiAQRf-FtSE8pgVcuvcbyACDVA0kpV0Z_11JutDtPefcF_O4b8XvnVa_JHZmwE6_W8D4oDpAumO9NR5b3dYl8KHwg3Z-bYmel8P9OyjYy7e2JKUAygYlxmymFK2D5JyWAGgRzWRnrQlsICOFmJPI0RlSQg1BIXt_AN9sN28:1sLjix:EAjdByVN3iR6aIL7BgFhzAI2QCu8ezW1bdqNk73aUzc", "expire_date": "2024-07-08T22:27:11.616"}}, {"model": "sessions.session", "pk": "8gtpyr9jdcejahc1y1j2hf0qj6606l0e", "fields": {"session_data": ".eJxVjMsOwiAQRf-FtSEDQ0Zw6d5vIMNLqgaS0q4a_12bdKHbe865m_C8LtWvI89-SuIiUJx-t8DxmdsO0oPbvcvY2zJPQe6KPOiQt57y63q4fweVR_3WTuvILmkVsagQKeds4YwGNDKhYsAEVIjIBbBBJ20RVCwGSAUHzoj3B9WVNvg:1sLjOZ:nl2S9IVB5qIaQwjSyIQG2VDgRBF0CKH4GYMuAR0EJCA", "expire_date": "2024-07-08T22:06:07.991"}}, {"model": "sessions.session", "pk": "aqgddn2b95sbumvgm4y3iilu0sja9335", "fields": {"session_data": ".eJxVjMsOwiAQRf-FtSEFOjxcuvcbmmEYpGogKe3K-O_apAvd3nPOfYkJt7VMW-dlmpM4CyVOv1tEenDdQbpjvTVJra7LHOWuyIN2eW2Jn5fD_Tso2Mu3Ht1g0pCttzgQOGIAUAoy2RAgRu_JJKvIau0CBNSMLrNPhpQbtdMs3h_KBTdW:1sLcca:VFA4kihQcYN1-bM1nTiHzgtziGDTcUA331DNaYZ3R4c", "expire_date": "2024-07-08T14:52:08.310"}}, {"model": "sessions.session", "pk": "bw67yz0okjoqbryqozvxslyba1yg6e57", "fields": {"session_data": ".eJxVjMsOwiAQRf-FtSEFOjxcuvcbmmEYpGogKe3K-O_apAvd3nPOfYkJt7VMW-dlmpM4CyVOv1tEenDdQbpjvTVJra7LHOWuyIN2eW2Jn5fD_Tso2Mu3Ht1g0pCttzgQOGIAUAoy2RAgRu_JJKvIau0CBNSMLrNPhpQbtdMs3h_KBTdW:1sLlTE:o6sQrI-mX2LJuIekfWmARIK_C5iK20Jo--kPQVO421g", "expire_date": "2024-07-09T00:19:04.730"}}, {"model": "sessions.session", "pk": "cbg84l24unnytsssnewmxgjpjgrbuqt2", "fields": {"session_data": ".eJxVjMsOwiAQRf-FtSEFOjxcuvcbmmEYpGogKe3K-O_apAvd3nPOfYkJt7VMW-dlmpM4CyVOv1tEenDdQbpjvTVJra7LHOWuyIN2eW2Jn5fD_Tso2Mu3Ht1g0pCttzgQOGIAUAoy2RAgRu_JJKvIau0CBNSMLrNPhpQbtdMs3h_KBTdW:1sMASn:_KpZNVYscWzY1D4iw7CKoZxaZl3HrI4wp0J9M-c7rA4", "expire_date": "2024-07-10T03:00:17.970"}}, {"model": "sessions.session", "pk": "dbryapg1tcrxr87ydhi8cxr7e10i4l0k", "fields": {"session_data": ".eJxVjDsOwjAQBe_iGlneOP4sJX3OEK3XNgkgW4qTCnF3EikFtDPz3luMtK3TuLW0jHMUVwGduPzCQPxM5TDxQeVeJdeyLnOQRyJP2-RQY3rdzvbvYKI27WvjNfZos7cUtWXtEZghu75nl7WxCjU5QADjUwICjDvtOqdCNqgAxecL3gM2zw:1sMLK8:qPSJRt3nL3irs-hc0xYEsmmp_j9XmIZU4oFqCtPkpMw", "expire_date": "2024-07-10T14:36:04.903"}}, {"model": "sessions.session", "pk": "fct6jqigt7zkukvetib0sk0shdev9m6r", "fields": {"session_data": ".eJxVjMsOwiAQRf-FtSEFOjxcuvcbmmEYpGogKe3K-O_apAvd3nPOfYkJt7VMW-dlmpM4CyVOv1tEenDdQbpjvTVJra7LHOWuyIN2eW2Jn5fD_Tso2Mu3Ht1g0pCttzgQOGIAUAoy2RAgRu_JJKvIau0CBNSMLrNPhpQbtdMs3h_KBTdW:1sKfiP:Oykkrc3eFst9vdujaIAcPj62nl1YmcFIa77yGc1eyY4", "expire_date": "2024-07-05T23:58:13.703"}}, {"model": "sessions.session", "pk": "g4brvavmxlgrj74sk86t9tig1jq3tsvk", "fields": {"session_data": ".eJxVjEEOwiAQRe_C2hCgtDAu3XsGMjOAVA0kpV0Z765NutDtf-_9lwi4rSVsPS1hjuIstBan35GQH6nuJN6x3prkVtdlJrkr8qBdXltMz8vh_h0U7OVbjzR4SwwerMOsGLPRDrWbtPJEZFWeIMGYBw-UTWSyBAYyA7Ax3kfx_gAKCzhQ:1sMLK6:ynh5UgoctzINmnvqGYhxvRnUKoOz0nyCyos-AE7szOQ", "expire_date": "2024-07-10T14:36:02.986"}}, {"model": "sessions.session", "pk": "jns4fs34i4o8ulczemuhz5hma7ipkz8f", "fields": {"session_data": ".eJxVjMsOwiAQRf-FtSEFOjxcuvcbmmEYpGogKe3K-O_apAvd3nPOfYkJt7VMW-dlmpM4CyVOv1tEenDdQbpjvTVJra7LHOWuyIN2eW2Jn5fD_Tso2Mu3Ht1g0pCttzgQOGIAUAoy2RAgRu_JJKvIau0CBNSMLrNPhpQbtdMs3h_KBTdW:1sLH20:WAAet7ro261hlWEdYplimbiOZB-9_zCW-Zr2MdADUCA", "expire_date": "2024-07-07T15:48:56.174"}}, {"model": "sessions.session", "pk": "kyvly3wt9h5hifgalwwcn5nbcyx71cyy", "fields": {"session_data": ".eJxVjMsOwiAQRf-FtSEFOjxcuvcbmmEYpGogKe3K-O_apAvd3nPOfYkJt7VMW-dlmpM4CyVOv1tEenDdQbpjvTVJra7LHOWuyIN2eW2Jn5fD_Tso2Mu3Ht1g0pCttzgQOGIAUAoy2RAgRu_JJKvIau0CBNSMLrNPhpQbtdMs3h_KBTdW:1sM4n1:D-RyVQXIZfXRouvePyWPTJFnByx1kqLdywhxFyHQhis", "expire_date": "2024-07-09T20:56:47.488"}}, {"model": "sessions.session", "pk": "l555pq2czx75ur4cnxsc4nadpkbzhaql", "fields": {"session_data": ".eJxVjEEOgjAQRe_StWnaziDg0j1nINPOjKCmTSisjHdXEha6_e-9_zIjbes0blWWcWZzMa05_W6R0kPyDvhO-VZsKnld5mh3xR602qGwPK-H-3cwUZ2-tYrzrZekCNAl8hFDIFWQoILS9Q07QFbvmcGl2Alg6xR8f0ZoKKB5fwD9JDf1:1sMLFQ:nZLq3hqPzRVH-J_-lVnsyidLGYZrL35SaJdK6pATpsM", "expire_date": "2024-07-10T14:31:12.321"}}, {"model": "sessions.session", "pk": "mn1xx1v5q0tjxt1i62fyh7gv322lkt2r", "fields": {"session_data": ".eJxVjMsOwiAQRf-FtSEFOjxcuvcbmmEYpGogKe3K-O_apAvd3nPOfYkJt7VMW-dlmpM4CyVOv1tEenDdQbpjvTVJra7LHOWuyIN2eW2Jn5fD_Tso2Mu3Ht1g0pCttzgQOGIAUAoy2RAgRu_JJKvIau0CBNSMLrNPhpQbtdMs3h_KBTdW:1sLimt:4ietR-JWyympEyBkOWIWSzPfrVX1kG-tXtdbgTtgWds", "expire_date": "2024-07-08T21:27:11.513"}}, {"model": "sessions.session", "pk": "nivhmu0wdd07mgorcau9w9iii6x8x0hy", "fields": {"session_data": ".eJxVjMsOwiAQRf-FtSEFOjxcuvcbmmEYpGogKe3K-O_apAvd3nPOfYkJt7VMW-dlmpM4CyVOv1tEenDdQbpjvTVJra7LHOWuyIN2eW2Jn5fD_Tso2Mu3Ht1g0pCttzgQOGIAUAoy2RAgRu_JJKvIau0CBNSMLrNPhpQbtdMs3h_KBTdW:1sLfXJ:e3sxgPkgIOUg-dI2N1hTKGqBgxWpYtReVhlFVg_PCS4", "expire_date": "2024-07-08T17:58:53.194"}}, {"model": "sessions.session", "pk": "oj2mr1yoruyzp6q23iydmgp7w7336j54", "fields": {"session_data": ".eJxVjMsOwiAQRf-FtSEFOjxcuvcbmmEYpGogKe3K-O_apAvd3nPOfYkJt7VMW-dlmpM4CyVOv1tEenDdQbpjvTVJra7LHOWuyIN2eW2Jn5fD_Tso2Mu3Ht1g0pCttzgQOGIAUAoy2RAgRu_JJKvIau0CBNSMLrNPhpQbtdMs3h_KBTdW:1sLjbA:R_cy0dEdFoH05FxRzvgeDOXI1haQdCixxbgdj4gO4ZQ", "expire_date": "2024-07-08T22:19:08.425"}}, {"model": "sessions.session", "pk": "phn3kfwirkugbif4t3l4i4ejjmsmy5qs", "fields": {"session_data": ".eJxVjMsOwiAQRf-FtSEFOjxcuvcbmmEYpGogKe3K-O_apAvd3nPOfYkJt7VMW-dlmpM4CyVOv1tEenDdQbpjvTVJra7LHOWuyIN2eW2Jn5fD_Tso2Mu3Ht1g0pCttzgQOGIAUAoy2RAgRu_JJKvIau0CBNSMLrNPhpQbtdMs3h_KBTdW:1sML2S:RM6J7W0h9RZ36Z360cTvTHzhSpu8wUu4zZ-f5zhASO0", "expire_date": "2024-07-10T14:17:48.489"}}, {"model": "sessions.session", "pk": "puv5crorzdquu13o7scurv7vjrnj1t0y", "fields": {"session_data": ".eJxVjMsOgjAQRf-la9MAY9upS_d8A2nnYVEDCYWV8d-VhIVu7znnvsyQtrUMW5VlGNlcDJrT75YTPWTaAd_TdJstzdO6jNnuij1otf3M8rwe7t9BSbV86zYSU0RsQELDgAoRIOJZAqsq-sAuAJK02qlz1OWoLgGz5M77hpJ5fwDnajhf:1sMLFS:WJlB5AsT2X9CoOHU3NeVSlAftYNos0HGCI3-7zhzkoM", "expire_date": "2024-07-10T14:31:14.853"}}, {"model": "sessions.session", "pk": "qh4l7hfmw3lfruf9fl4y6swjemou2aqt", "fields": {"session_data": ".eJxVjMsOgjAQRf-la9MAY9upS_d8A2nnYVEDCYWV8d-VhIVu7znnvsyQtrUMW5VlGNlcDJrT75YTPWTaAd_TdJstzdO6jNnuij1otf3M8rwe7t9BSbV86zYSU0RsQELDgAoRIOJZAqsq-sAuAJK02qlz1OWoLgGz5M77hpJ5fwDnajhf:1sMLMv:REo1xOWoo9IG7HDiOqH633o8CME8RU4yTlCl0-4WsJE", "expire_date": "2024-07-10T14:38:57.706"}}, {"model": "sessions.session", "pk": "r0lzv93lfqo1l4e1tatcg53txm0gy4e7", "fields": {"session_data": ".eJxVjDsOwjAQBe_iGlneOP4sJX3OEK3XNgkgW4qTCnF3EikFtDPz3luMtK3TuLW0jHMUVwGduPzCQPxM5TDxQeVeJdeyLnOQRyJP2-RQY3rdzvbvYKI27WvjNfZos7cUtWXtEZghu75nl7WxCjU5QADjUwICjDvtOqdCNqgAxecL3gM2zw:1sMLRO:VXg8f7pplsoM84KooA2wqIQjLj_DXT3iQ9FNfn2nEnU", "expire_date": "2024-07-10T14:43:34.012"}}, {"model": "sessions.session", "pk": "wfeu74e8bz5szm08l5v3dqlfyarcvxxb", "fields": {"session_data": ".eJxVjMsOwiAQRf-FtSEFOjxcuvcbmmEYpGogKe3K-O_apAvd3nPOfYkJt7VMW-dlmpM4CyVOv1tEenDdQbpjvTVJra7LHOWuyIN2eW2Jn5fD_Tso2Mu3Ht1g0pCttzgQOGIAUAoy2RAgRu_JJKvIau0CBNSMLrNPhpQbtdMs3h_KBTdW:1sLHd2:XnEe22Db3TiNSGRHLuwfm77uhakV4JSLxaltr0pOVq4", "expire_date": "2024-07-07T16:27:12.749"}}, {"model": "sessions.session", "pk": "yafvcv29ikmxc08jk0867t3iis6axvf2", "fields": {"session_data": ".eJxVjMsOwiAQRf-FtSEFOjxcuvcbmmEYpGogKe3K-O_apAvd3nPOfYkJt7VMW-dlmpM4CyVOv1tEenDdQbpjvTVJra7LHOWuyIN2eW2Jn5fD_Tso2Mu3Ht1g0pCttzgQOGIAUAoy2RAgRu_JJKvIau0CBNSMLrNPhpQbtdMs3h_KBTdW:1sLfcp:YIGE4cnYhpSnES0AL79WUl4jG10FVlb9c8rZDu3aCGA", "expire_date": "2024-07-08T18:04:35.210"}}, {"model": "main.category", "pk": 1, "fields": {"category": "참회"}}, {"model": "main.category", "pk": 2, "fields": {"category": "소망"}}, {"model": "main.category", "pk": 3, "fields": {"category": "사랑"}}, {"model": "main.category", "pk": 4, "fields": {"category": "건강"}}, {"model": "main.category", "pk": 5, "fields": {"category": "인간관계"}}, {"model": "main.sutra", "pk": 1, "fields": {"text": "선한 일을 서둘러 행하라. 마음이 악으로 기울기 전에 악한 행위를 피하라. - 법구경 116장 - ", "category": 1}}, {"model": "main.sutra", "pk": 2, "fields": {"text": "지혜로운 사람은 자신의 길을 스스로 만든다. 그는 결코 다른 사람에게 의존하지 않으며, 스스로의 노력으로 성공을 거둔다. - 법구경 24장 - ", "category": 2}}, {"model": "main.sutra", "pk": 3, "fields": {"text": "잘못된 행동을 하고 후회하는 것보다, 올바른 행동을 하고 후회하지 않는 것이 낫다. 왜냐하면 올바른 행동은 후회를 낳지 않기 때문이다. - 법구경 67장 - ", "category": 1}}, {"model": "main.sutra", "pk": 4, "fields": {"text": "자신의 구원을 위해 노력하라. 부지런히 노력하는 사람은 반드시 결과를 얻는다. - 법구경 276장 - ", "category": 2}}, {"model": "main.sutra", "pk": 5, "fields": {"text": "부지런히 수행하여 마음을 깨끗이 하라. 마음이 깨끗해지면, 악한 업보가 다가오지 않는다. - 법구경 314장 - ", "category": 1}}, {"model": "main.sutra", "pk": 6, "fields": {"text": "잘못을 깨닫고 바로잡는 사람은, 참회의 마음으로 정진한다면, 그에게는 행복이 찾아온다. - 법구경 1장 - ", "category": 1}}, {"model": "main.sutra", "pk": 7, "fields": {"text": "자신의 잘못을 알고 참회하는 이는, 새로이 청정한 삶을 살아갈 것이다. - 법구경 10장 - ", "category": 1}}, {"model": "main.sutra", "pk": 8, "fields": {"text": "자신의 잘못을 인정하고 참회하는 이는, 진정으로 위대한 자이다. - 법구경 12장 - ", "category": 1}}, {"model": "main.sutra", "pk": 9, "fields": {"text": "참회하는 자는 자신의 마음을 정화하며, 참된 행복을 얻을 것이다. - 법구경 7장 - ", "category": 1}}, {"model": "main.sutra", "pk": 10, "fields": {"text": "모든 것은 마음이 근본이 되어 생겨난다. 마음이 맑고 깨끗한 사람에게는 행복이 찾아온다. - 법구경 1장 - ", "category": 1}}, {"model": "main.sutra", "pk": 11, "fields": {"text": "지혜와 노력은 함께 가야 한다. 지혜로운 노력은 항상 성공을 가져온다. - 법구경 43장 - ", "category": 2}}, {"model": "main.sutra", "pk": 12, "fields": {"text": "작은 일이라도 경시하지 말라. 작은 노력이 쌓여 큰 결과를 만든다 - 법구경 122장 -  ", "category": 2}}, {"model": "main.sutra", "pk": 13, "fields": {"text": "스스로를 믿고 최선을 다하라. 그러면 모든 것이 가능해질 것이다. - 법구경 112장 - ", "category": 2}}, {"model": "main.sutra", "pk": 14, "fields": {"text": "마음을 잘 다스리는 자는 고요함을 얻고, 행복을 찾게 된다. - 법구경 3장 - ", "category": 2}}, {"model": "main.sutra", "pk": 15, "fields": {"text": "훌륭한 일을 계속 쌓아가면, 그 공덕이 자신을 행복으로 인도할 것이다. - 법구경 1장 - ", "category": 2}}, {"model": "main.sutra", "pk": 16, "fields": {"text": "지혜로운 사람은 바른 길을 선택하고, 그 길은 결국 그를 행복으로 인도한다. - 법구경 6장 - ", "category": 2}}, {"model": "main.sutra", "pk": 17, "fields": {"text": "진리의 길을 따르는 자는, 그 길이 끝날 때 큰 행복을 만날 것이다. - 법구경 20장 - ", "category": 2}}, {"model": "main.talisman", "pk": 7, "fields": {"user": 11, "image": "", "talisman_category": "3", "text": "", "discription": ""}}, {"model": "post.past", "pk": 10, "fields": {"user": 7, "text": "dd", "my_sutra": "참회하는 자는 자신의 마음을 정화하며, 참된 행복을 얻을 것이다. - 법구경 7장 - ", "category": 1, "created_at": "2024-06-26T14:32:49.129"}}, {"model": "post.future", "pk": 26, "fields": {"user": 7, "text": "ff", "my_sutra": "진리의 길을 따르는 자는, 그 길이 끝날 때 큰 행복을 만날 것이다. - 법구경 20장 - ", "category": 2, "created_at": "2024-06-26T14:31:35.495"}}, {"model": "post.mywish", "pk": 4, "fields": {"title": "뉴진스야 미안해..", "user": 5, "text": "아저씨들로부터 지켜주지 못해서 미안해...", "created_at": "2024-06-26T14:31:38.929", "like_count": 0, "num108_count": 0}}, {"model": "post.mywish", "pk": 5, "fields": {"title": "아기사자 근운의 하루", "user": 6, "text": "오늘도 코드와 씨름하는 하루였다. 오류가 끊임없이 나타나고, 문제를 해결하는 데 많은 시간이 걸렸다. 하지만 그 과정에서 나는 많은 것을 배웠다. 컴퓨터공학을 전공하며 느끼는 좌절과 번뇌는 때때로 나를 지치게 하지만, 멋쟁이사자처럼 동아리에서 함께하는 동료들이 있어 힘을 얻는다. 우리는 서로의 문제를 함께 해결하고, 아이디어를 나누며 성장한다. 이곳에서의 경험은 단순히 코딩 실력을 향상시키는 것에 그치지 않고, 협력과 도전의 가치를 깨닫게 해준다. 앞으로도 많은 어려움이 있겠지만, 동료들과 함께라면 어떤 문제도 해결할 수 있을 것이라 믿는다. 오늘의 번뇌는 내일의 성장을 위한 밑거름이 될 것이다. 나는 더 나은 개발자가 되기 위해 계속 노력할 것이다.", "created_at": "2024-06-26T14:33:20.913", "like_count": 0, "num108_count": 0}}, {"model": "post.mywish", "pk": 6, "fields": {"title": "뉴진스한테 발림", "user": 9, "text": "희진아 미안하다", "created_at": "2024-06-26T14:33:36.322", "like_count": 0, "num108_count": 0}}, {"model": "post.mywish", "pk": 7, "fields": {"title": "동은아 미안하다", "user": 8, "text": "동은아 내 사과를 받아주겠니... 미안하다... 받아줄 거면 끄덕여", "created_at": "2024-06-26T14:34:08.550", "like_count": 0, "num108_count": 0}}, {"model": "post.mywish", "pk": 8, "fields": {"title": "s", "user": 7, "text": "s", "created_at": "2024-06-26T14:36:35.367", "like_count": 0, "num108_count": 0}}, {"model": "post.mywish", "pk": 9, "fields": {"title": "노는게 제일 조", "user": 10, "text": "와~ 뽀로로다! 안녕! 뽀로로~\r\n안녕 친구들, 안녕 친구들~\r\n모두 함께 놀자 개구쟁이 뽀로로\r\n안녕 친구들, 안녕 친구들~\r\n모두 뛰어 놀자 뽀롱뽀롱 뽀로로\r\n뽀롱뽀롱 뽀로로로로\r\n언제나 즐거운 개구쟁이 꼬마 펭귄 뽀로로\r\n귀여운 내친구 개구쟁이 뽀롱뽀롱 뽀롱뽀롱 뽀로로\r\n꼭꼭 숨어라! 숨바꼭질도\r\n친구들과 하면 언제나 즐거워\r\n가위 바위 보! 술래잡기도\r\n뽀로로와 하면 언제나 즐거워\r\n뽀롱뽀롱 뽀로로로로\r\n언제나 즐거운 개구쟁이 꼬마 펭귄 뽀로로\r\n귀여운 내친구 개구쟁이 뽀롱뽀롱 뽀롱뽀롱 뽀로로\r\n뽀롱뽀롱 뽀롱뽀롱 뽀로로", "created_at": "2024-06-26T14:37:20.173", "like_count": 0, "num108_count": 0}}, {"model": "post.mywish", "pk": 10, "fields": {"title": "거짓말을 해서 죄송합니다", "user": 12, "text": "그 동안 저는 거짓말을 자주 하며 살아 왔습니다. 더는 이렇게 살고 싶지 않습니다.", "created_at": "2024-06-26T14:37:44.831", "like_count": 0, "num108_count": 0}}, {"model": "post.mywish", "pk": 11, "fields": {"title": "심바톤 1등", "user": 11, "text": "1등하고 싶다는 마음이 떠나지를 않습니다.. 근데 어떡해요... 1등 할건데...", "created_at": "2024-06-26T14:38:22.228", "like_count": 0, "num108_count": 0}}, {"model": "post.sharedwish", "pk": 18, "fields": {"title": "뉴진스야 미안해..", "user": 5, "text": "아저씨들로부터 지켜주지 못해서 미안해...", "created_at": "2024-06-26T14:32:11.986", "like_count": 1, "num108_count": 0, "like": [9]}}, {"model": "post.sharedwish", "pk": 19, "fields": {"title": "아기사자 근운의 하루", "user": 6, "text": "오늘도 코드와 씨름하는 하루였다. 오류가 끊임없이 나타나고, 문제를 해결하는 데 많은 시간이 걸렸다. 하지만 그 과정에서 나는 많은 것을 배웠다. 컴퓨터공학을 전공하며 느끼는 좌절과 번뇌는 때때로 나를 지치게 하지만, 멋쟁이사자처럼 동아리에서 함께하는 동료들이 있어 힘을 얻는다. 우리는 서로의 문제를 함께 해결하고, 아이디어를 나누며 성장한다. 이곳에서의 경험은 단순히 코딩 실력을 향상시키는 것에 그치지 않고, 협력과 도전의 가치를 깨닫게 해준다. 앞으로도 많은 어려움이 있겠지만, 동료들과 함께라면 어떤 문제도 해결할 수 있을 것이라 믿는다. 오늘의 번뇌는 내일의 성장을 위한 밑거름이 될 것이다. 나는 더 나은 개발자가 되기 위해 계속 노력할 것이다.", "created_at": "2024-06-26T14:33:46.265", "like_count": 0, "num108_count": 0, "like": []}}, {"model": "post.sharedwish", "pk": 20, "fields": {"title": "뉴진스한테 발림", "user": 9, "text": "희진아 미안하다", "created_at": "2024-06-26T14:34:02.785", "like_count": 0, "num108_count": 0, "like": []}}, {"model": "post.sharedwish", "pk": 21, "fields": {"title": "노는게 제일 조", "user": 10, "text": "와~ 뽀로로다! 안녕! 뽀로로~\r\n안녕 친구들, 안녕 친구들~\r\n모두 함께 놀자 개구쟁이 뽀로로\r\n안녕 친구들, 안녕 친구들~\r\n모두 뛰어 놀자 뽀롱뽀롱 뽀로로\r\n뽀롱뽀롱 뽀로로로로\r\n언제나 즐거운 개구쟁이 꼬마 펭귄 뽀로로\r\n귀여운 내친구 개구쟁이 뽀롱뽀롱 뽀롱뽀롱 뽀로로\r\n꼭꼭 숨어라! 숨바꼭질도\r\n친구들과 하면 언제나 즐거워\r\n가위 바위 보! 술래잡기도\r\n뽀로로와 하면 언제나 즐거워\r\n뽀롱뽀롱 뽀로로로로\r\n언제나 즐거운 개구쟁이 꼬마 펭귄 뽀로로\r\n귀여운 내친구 개구쟁이 뽀롱뽀롱 뽀롱뽀롱 뽀로로\r\n뽀롱뽀롱 뽀롱뽀롱 뽀로로", "created_at": "2024-06-26T14:37:58.593", "like_count": 0, "num108_count": 0, "like": []}}, {"model": "post.sharedwish", "pk": 22, "fields": {"title": "거짓말을 해서 죄송합니다", "user": 12, "text": "그 동안 저는 거짓말을 자주 하며 살아 왔습니다. 더는 이렇게 살고 싶지 않습니다.", "created_at": "2024-06-26T14:38:05.200", "like_count": 0, "num108_count": 0, "like": []}}, {"model": "post.sharedwish", "pk": 23, "fields": {"title": "심바톤 1등", "user": 11, "text": "1등하고 싶다는 마음이 떠나지를 않습니다.. 근데 어떡해요... 1등 할건데...", "created_at": "2024-06-26T14:38:56.415", "like_count": 1, "num108_count": 0, "like": [11]}}, {"model": "post.sharedwish", "pk": 24, "fields": {"title": "동은아 미안하다", "user": 8, "text": "동은아 내 사과를 받아주겠니... 미안하다... 받아줄 거면 끄덕여", "created_at": "2024-06-26T14:39:53.006", "like_count": 0, "num108_count": 0, "like": []}}]